-- Demo trip so a freshly wired database shows the same sample as the mock.
-- Safe to skip; run after 0001_init.sql.

insert into trips (id, name, join_code, currency) values
  ('11111111-1111-1111-1111-111111111111', 'Đà Lạt 06/2026', 'dalat-0626', 'VND')
on conflict (join_code) do nothing;

insert into members (id, trip_id, name) values
  ('a0000000-0000-0000-0000-000000000001', '11111111-1111-1111-1111-111111111111', 'Phát'),
  ('a0000000-0000-0000-0000-000000000002', '11111111-1111-1111-1111-111111111111', 'An'),
  ('a0000000-0000-0000-0000-000000000003', '11111111-1111-1111-1111-111111111111', 'Bình'),
  ('a0000000-0000-0000-0000-000000000004', '11111111-1111-1111-1111-111111111111', 'Minh'),
  ('a0000000-0000-0000-0000-000000000005', '11111111-1111-1111-1111-111111111111', 'Hà')
on conflict (id) do nothing;

insert into expenses (id, trip_id, payer_id, description, amount, split_type) values
  ('b0000000-0000-0000-0000-000000000001', '11111111-1111-1111-1111-111111111111', 'a0000000-0000-0000-0000-000000000001', 'Khách sạn 2 đêm', 2400000, 'even'),
  ('b0000000-0000-0000-0000-000000000002', '11111111-1111-1111-1111-111111111111', 'a0000000-0000-0000-0000-000000000002', 'Ăn tối lẩu', 820000, 'exact'),
  ('b0000000-0000-0000-0000-000000000003', '11111111-1111-1111-1111-111111111111', 'a0000000-0000-0000-0000-000000000003', 'Vé tham quan', 400000, 'even'),
  ('b0000000-0000-0000-0000-000000000004', '11111111-1111-1111-1111-111111111111', 'a0000000-0000-0000-0000-000000000004', 'Xăng xe', 600000, 'even')
on conflict (id) do nothing;

insert into expense_shares (expense_id, member_id, amount) values
  ('b0000000-0000-0000-0000-000000000001','a0000000-0000-0000-0000-000000000001',480000),
  ('b0000000-0000-0000-0000-000000000001','a0000000-0000-0000-0000-000000000002',480000),
  ('b0000000-0000-0000-0000-000000000001','a0000000-0000-0000-0000-000000000003',480000),
  ('b0000000-0000-0000-0000-000000000001','a0000000-0000-0000-0000-000000000004',480000),
  ('b0000000-0000-0000-0000-000000000001','a0000000-0000-0000-0000-000000000005',480000),
  ('b0000000-0000-0000-0000-000000000002','a0000000-0000-0000-0000-000000000001',150000),
  ('b0000000-0000-0000-0000-000000000002','a0000000-0000-0000-0000-000000000002',220000),
  ('b0000000-0000-0000-0000-000000000002','a0000000-0000-0000-0000-000000000003',150000),
  ('b0000000-0000-0000-0000-000000000002','a0000000-0000-0000-0000-000000000004',160000),
  ('b0000000-0000-0000-0000-000000000002','a0000000-0000-0000-0000-000000000005',140000),
  ('b0000000-0000-0000-0000-000000000003','a0000000-0000-0000-0000-000000000001',80000),
  ('b0000000-0000-0000-0000-000000000003','a0000000-0000-0000-0000-000000000002',80000),
  ('b0000000-0000-0000-0000-000000000003','a0000000-0000-0000-0000-000000000003',80000),
  ('b0000000-0000-0000-0000-000000000003','a0000000-0000-0000-0000-000000000004',80000),
  ('b0000000-0000-0000-0000-000000000003','a0000000-0000-0000-0000-000000000005',80000),
  ('b0000000-0000-0000-0000-000000000004','a0000000-0000-0000-0000-000000000001',120000),
  ('b0000000-0000-0000-0000-000000000004','a0000000-0000-0000-0000-000000000002',120000),
  ('b0000000-0000-0000-0000-000000000004','a0000000-0000-0000-0000-000000000003',120000),
  ('b0000000-0000-0000-0000-000000000004','a0000000-0000-0000-0000-000000000004',120000),
  ('b0000000-0000-0000-0000-000000000004','a0000000-0000-0000-0000-000000000005',120000);

insert into places (id, trip_id, name, note, visited, position) values
  ('c0000000-0000-0000-0000-000000000001','11111111-1111-1111-1111-111111111111','Hồ Tuyền Lâm','Chèo SUP buổi sáng sớm', true, 0),
  ('c0000000-0000-0000-0000-000000000002','11111111-1111-1111-1111-111111111111','Quảng trường Lâm Viên','Chụp ảnh buổi tối', true, 1),
  ('c0000000-0000-0000-0000-000000000003','11111111-1111-1111-1111-111111111111','Vườn hoa thành phố', null, false, 2),
  ('c0000000-0000-0000-0000-000000000004','11111111-1111-1111-1111-111111111111','Đồi chè Cầu Đất','Săn mây bình minh', false, 3),
  ('c0000000-0000-0000-0000-000000000005','11111111-1111-1111-1111-111111111111','Chợ đêm Đà Lạt','Ăn bánh tráng nướng', false, 4)
on conflict (id) do nothing;

-- ── Trip 2: Vũng Tàu ─────────────────────────────────────────────
insert into trips (id, name, join_code, currency) values
  ('22222222-2222-2222-2222-222222222222', 'Vũng Tàu 07/2026', 'vungtau-0726', 'VND')
on conflict (join_code) do nothing;

insert into members (id, trip_id, name) values
  ('d0000000-0000-0000-0000-000000000001', '22222222-2222-2222-2222-222222222222', 'Phát'),
  ('d0000000-0000-0000-0000-000000000002', '22222222-2222-2222-2222-222222222222', 'An'),
  ('d0000000-0000-0000-0000-000000000003', '22222222-2222-2222-2222-222222222222', 'Bình'),
  ('d0000000-0000-0000-0000-000000000004', '22222222-2222-2222-2222-222222222222', 'Minh'),
  ('d0000000-0000-0000-0000-000000000005', '22222222-2222-2222-2222-222222222222', 'Hà')
on conflict (id) do nothing;

insert into expenses (id, trip_id, payer_id, description, amount, split_type) values
  ('e2000000-0000-0000-0000-000000000001', '22222222-2222-2222-2222-222222222222', 'd0000000-0000-0000-0000-000000000001', 'Resort 1 đêm', 3000000, 'even'),
  ('e2000000-0000-0000-0000-000000000002', '22222222-2222-2222-2222-222222222222', 'd0000000-0000-0000-0000-000000000003', 'Hải sản chợ Xóm Lưới', 1250000, 'even')
on conflict (id) do nothing;

insert into expense_shares (expense_id, member_id, amount) values
  ('e2000000-0000-0000-0000-000000000001','d0000000-0000-0000-0000-000000000001',600000),
  ('e2000000-0000-0000-0000-000000000001','d0000000-0000-0000-0000-000000000002',600000),
  ('e2000000-0000-0000-0000-000000000001','d0000000-0000-0000-0000-000000000003',600000),
  ('e2000000-0000-0000-0000-000000000001','d0000000-0000-0000-0000-000000000004',600000),
  ('e2000000-0000-0000-0000-000000000001','d0000000-0000-0000-0000-000000000005',600000),
  ('e2000000-0000-0000-0000-000000000002','d0000000-0000-0000-0000-000000000001',250000),
  ('e2000000-0000-0000-0000-000000000002','d0000000-0000-0000-0000-000000000002',250000),
  ('e2000000-0000-0000-0000-000000000002','d0000000-0000-0000-0000-000000000003',250000),
  ('e2000000-0000-0000-0000-000000000002','d0000000-0000-0000-0000-000000000004',250000),
  ('e2000000-0000-0000-0000-000000000002','d0000000-0000-0000-0000-000000000005',250000);

insert into places (id, trip_id, name, note, visited, position) values
  ('f0000000-0000-0000-0000-000000000001','22222222-2222-2222-2222-222222222222','Tượng Chúa Kitô Vua','Leo 800 bậc, ngắm toàn cảnh biển', true, 0),
  ('f0000000-0000-0000-0000-000000000002','22222222-2222-2222-2222-222222222222','Ngọn Hải Đăng Vũng Tàu','Săn bình minh sớm', false, 1),
  ('f0000000-0000-0000-0000-000000000003','22222222-2222-2222-2222-222222222222','Mũi Nghinh Phong','Chụp ảnh "cổng trời"', false, 2),
  ('f0000000-0000-0000-0000-000000000004','22222222-2222-2222-2222-222222222222','Bãi Sau (Thùy Vân)','Tắm biển buổi chiều', true, 3),
  ('f0000000-0000-0000-0000-000000000005','22222222-2222-2222-2222-222222222222','Bạch Dinh','Di tích kiến trúc Pháp', false, 4),
  ('f0000000-0000-0000-0000-000000000006','22222222-2222-2222-2222-222222222222','Hồ Mây Park','Đi cáp treo lên Núi Lớn', false, 5),
  ('f0000000-0000-0000-0000-000000000007','22222222-2222-2222-2222-222222222222','Chợ Xóm Lưới','Ăn hải sản tươi sống', true, 6)
on conflict (id) do nothing;
