-- Demo trip so a freshly wired database shows the same sample as the mock.
-- Safe to skip; run after 0001_init.sql.

insert into trips (id, name, join_code, currency) values
  ('11111111-1111-1111-1111-111111111111', 'Đà Lạt 06/2026', 'dalat-0626', 'VND')
on conflict (join_code) do nothing;

insert into members (id, trip_id, name) values
  ('a0000000-0000-0000-0000-000000000001', '11111111-1111-1111-1111-111111111111', 'Phát'),
  ('a0000000-0000-0000-0000-000000000002', '11111111-1111-1111-1111-111111111111', 'An'),
  ('a0000000-0000-0000-0000-000000000003', '11111111-1111-1111-1111-111111111111', 'Bình'),
  ('a0000000-0000-0000-0000-000000000004', '11111111-1111-1111-1111-111111111111', 'Minh'),
  ('a0000000-0000-0000-0000-000000000005', '11111111-1111-1111-1111-111111111111', 'Hà')
on conflict (id) do nothing;

insert into expenses (id, trip_id, payer_id, description, amount, split_type) values
  ('b0000000-0000-0000-0000-000000000001', '11111111-1111-1111-1111-111111111111', 'a0000000-0000-0000-0000-000000000001', 'Khách sạn 2 đêm', 2400000, 'even'),
  ('b0000000-0000-0000-0000-000000000002', '11111111-1111-1111-1111-111111111111', 'a0000000-0000-0000-0000-000000000002', 'Ăn tối lẩu', 820000, 'exact'),
  ('b0000000-0000-0000-0000-000000000003', '11111111-1111-1111-1111-111111111111', 'a0000000-0000-0000-0000-000000000003', 'Vé tham quan', 400000, 'even'),
  ('b0000000-0000-0000-0000-000000000004', '11111111-1111-1111-1111-111111111111', 'a0000000-0000-0000-0000-000000000004', 'Xăng xe', 600000, 'even')
on conflict (id) do nothing;

insert into expense_shares (expense_id, member_id, amount) values
  ('b0000000-0000-0000-0000-000000000001','a0000000-0000-0000-0000-000000000001',480000),
  ('b0000000-0000-0000-0000-000000000001','a0000000-0000-0000-0000-000000000002',480000),
  ('b0000000-0000-0000-0000-000000000001','a0000000-0000-0000-0000-000000000003',480000),
  ('b0000000-0000-0000-0000-000000000001','a0000000-0000-0000-0000-000000000004',480000),
  ('b0000000-0000-0000-0000-000000000001','a0000000-0000-0000-0000-000000000005',480000),
  ('b0000000-0000-0000-0000-000000000002','a0000000-0000-0000-0000-000000000001',150000),
  ('b0000000-0000-0000-0000-000000000002','a0000000-0000-0000-0000-000000000002',220000),
  ('b0000000-0000-0000-0000-000000000002','a0000000-0000-0000-0000-000000000003',150000),
  ('b0000000-0000-0000-0000-000000000002','a0000000-0000-0000-0000-000000000004',160000),
  ('b0000000-0000-0000-0000-000000000002','a0000000-0000-0000-0000-000000000005',140000),
  ('b0000000-0000-0000-0000-000000000003','a0000000-0000-0000-0000-000000000001',80000),
  ('b0000000-0000-0000-0000-000000000003','a0000000-0000-0000-0000-000000000002',80000),
  ('b0000000-0000-0000-0000-000000000003','a0000000-0000-0000-0000-000000000003',80000),
  ('b0000000-0000-0000-0000-000000000003','a0000000-0000-0000-0000-000000000004',80000),
  ('b0000000-0000-0000-0000-000000000003','a0000000-0000-0000-0000-000000000005',80000),
  ('b0000000-0000-0000-0000-000000000004','a0000000-0000-0000-0000-000000000001',120000),
  ('b0000000-0000-0000-0000-000000000004','a0000000-0000-0000-0000-000000000002',120000),
  ('b0000000-0000-0000-0000-000000000004','a0000000-0000-0000-0000-000000000003',120000),
  ('b0000000-0000-0000-0000-000000000004','a0000000-0000-0000-0000-000000000004',120000),
  ('b0000000-0000-0000-0000-000000000004','a0000000-0000-0000-0000-000000000005',120000);

insert into places (id, trip_id, name, note, visited, position) values
  ('c0000000-0000-0000-0000-000000000001','11111111-1111-1111-1111-111111111111','Hồ Tuyền Lâm','Chèo SUP buổi sáng sớm', true, 0),
  ('c0000000-0000-0000-0000-000000000002','11111111-1111-1111-1111-111111111111','Quảng trường Lâm Viên','Chụp ảnh buổi tối', true, 1),
  ('c0000000-0000-0000-0000-000000000003','11111111-1111-1111-1111-111111111111','Vườn hoa thành phố', null, false, 2),
  ('c0000000-0000-0000-0000-000000000004','11111111-1111-1111-1111-111111111111','Đồi chè Cầu Đất','Săn mây bình minh', false, 3),
  ('c0000000-0000-0000-0000-000000000005','11111111-1111-1111-1111-111111111111','Chợ đêm Đà Lạt','Ăn bánh tráng nướng', false, 4)
on conflict (id) do nothing;
